round	arm	wall_ns	answer	work	peak_states	pruned	witness_bytes	max_rss_kib	instructions	cycles	branches	branch_misses
0	control	207152396476	10	1466440	111079	0	0	29232	1916602894590	776964069740	652835048980	12547068592
0	exact	9517534189	10	1466440	111079	632666	20245384	79056	290228850042	43152412446	116721202012	35846024
0	clamped	2445451563	10	918092	48491	458809	14681960	53396	73359543392	11113384293	29187768854	14995524
1	exact	9410801011	10	1466440	111079	632666	20245384	79140	290228852304	43243076600	116721203998	35423409
1	clamped	2444904716	10	918092	48491	458809	14681960	53392	73359544039	11223055759	29187769154	15024000
1	control	158793569486	10	1466440	111079	0	0	29220	1916602866056	717077256232	652835020648	12466622008
2	clamped	3609100177	10	918092	48491	458809	14681960	53312	73359544473	15745593833	29187769733	14973632
2	control	163206091560	10	1466440	111079	0	0	28872	1916602858623	737470468031	652835012955	12533321725
2	exact	8684457797	10	1466440	111079	632666	20245384	79164	290228847734	43483258345	116721199614	35059041
