round	shape	case	total_ns	compile_stream_ns	verify_ns	peak_kib	detail
1	chain	full	45441816	27522737	17919079	7604	dag	full-certified	chain	32	32768	31	1048576	32	132460	0	0	0	7979984	19542753	17919079	4632888	33281	4502612
1	chain	frontier	24081017	9453349	14627668	3512	dag	frontier-certified	chain	32	32768	31	1048576	32	132460	65536	2	65536	9453349	0	14627668	3584440	33281	3454164
1	window	full	109000307	67524699	41475608	8004	dag	full-certified	window	32	32768	118	1048576	32	134200	0	0	0	14473279	53051420	41475608	11748966	33716	11618910
1	window	frontier	55915175	20922543	34992632	4476	dag	frontier-certified	window	32	32768	118	1048576	32	134200	163840	5	163840	20922543	0	34992632	10700518	33716	10570462
1	full	full	491332060	314600877	176731183	12108	dag	full-certified	full	32	32768	496	1048576	32	141760	0	0	0	62563910	252036967	176731183	42667099	35977	42542491
1	full	frontier	282392401	123080766	159311635	12956	dag	frontier-certified	full	32	32768	496	1048576	32	141760	1048576	32	1048576	123080766	0	159311635	41618651	35977	41493787
2	chain	frontier	24379271	9936869	14442402	3576	dag	frontier-certified	chain	32	32768	31	1048576	32	132460	65536	2	65536	9936869	0	14442402	3584440	33281	3454164
2	chain	full	47171238	28844871	18326367	7448	dag	full-certified	chain	32	32768	31	1048576	32	132460	0	0	0	9212831	19632040	18326367	4632888	33281	4502612
2	window	frontier	55820428	20655746	35164682	4696	dag	frontier-certified	window	32	32768	118	1048576	32	134200	163840	5	163840	20655746	0	35164682	10700518	33716	10570462
2	window	full	108854938	67163017	41691921	7940	dag	full-certified	window	32	32768	118	1048576	32	134200	0	0	0	14185404	52977613	41691921	11748966	33716	11618910
2	full	frontier	252984713	93462786	159521927	13048	dag	frontier-certified	full	32	32768	496	1048576	32	141760	1048576	32	1048576	93462786	0	159521927	41618651	35977	41493787
2	full	full	484749738	309412983	175336755	12096	dag	full-certified	full	32	32768	496	1048576	32	141760	0	0	0	64330751	245082232	175336755	42667099	35977	42542491
3	chain	full	45824258	27780448	18043810	7472	dag	full-certified	chain	32	32768	31	1048576	32	132460	0	0	0	8125165	19655283	18043810	4632888	33281	4502612
3	chain	frontier	24021094	9301626	14719468	3612	dag	frontier-certified	chain	32	32768	31	1048576	32	132460	65536	2	65536	9301626	0	14719468	3584440	33281	3454164
3	window	full	110089437	68497763	41591674	7784	dag	full-certified	window	32	32768	118	1048576	32	134200	0	0	0	15032542	53465221	41591674	11748966	33716	11618910
3	window	frontier	56132449	20768215	35364234	4444	dag	frontier-certified	window	32	32768	118	1048576	32	134200	163840	5	163840	20768215	0	35364234	10700518	33716	10570462
3	full	full	489971886	314330864	175641022	12172	dag	full-certified	full	32	32768	496	1048576	32	141760	0	0	0	64189989	250140875	175641022	42667099	35977	42542491
3	full	frontier	255901374	92873207	163028167	13072	dag	frontier-certified	full	32	32768	496	1048576	32	141760	1048576	32	1048576	92873207	0	163028167	41618651	35977	41493787
4	chain	frontier	23909076	9480379	14428697	3676	dag	frontier-certified	chain	32	32768	31	1048576	32	132460	65536	2	65536	9480379	0	14428697	3584440	33281	3454164
4	chain	full	46162058	27893699	18268359	7248	dag	full-certified	chain	32	32768	31	1048576	32	132460	0	0	0	8330398	19563301	18268359	4632888	33281	4502612
4	window	frontier	56322233	20690120	35632113	4308	dag	frontier-certified	window	32	32768	118	1048576	32	134200	163840	5	163840	20690120	0	35632113	10700518	33716	10570462
4	window	full	129432366	67492269	61940097	7880	dag	full-certified	window	32	32768	118	1048576	32	134200	0	0	0	14482858	53009411	61940097	11748966	33716	11618910
4	full	frontier	253247080	92207297	161039783	13128	dag	frontier-certified	full	32	32768	496	1048576	32	141760	1048576	32	1048576	92207297	0	161039783	41618651	35977	41493787
4	full	full	489460320	314987936	174472384	12228	dag	full-certified	full	32	32768	496	1048576	32	141760	0	0	0	64292640	250695296	174472384	42667099	35977	42542491
5	chain	full	46385845	27959091	18426754	7380	dag	full-certified	chain	32	32768	31	1048576	32	132460	0	0	0	8251360	19707731	18426754	4632888	33281	4502612
5	chain	frontier	23813558	9170181	14643377	3576	dag	frontier-certified	chain	32	32768	31	1048576	32	132460	65536	2	65536	9170181	0	14643377	3584440	33281	3454164
5	window	full	112430788	70484293	41946495	7820	dag	full-certified	window	32	32768	118	1048576	32	134200	0	0	0	14009546	56474747	41946495	11748966	33716	11618910
5	window	frontier	59731404	24099491	35631913	4480	dag	frontier-certified	window	32	32768	118	1048576	32	134200	163840	5	163840	24099491	0	35631913	10700518	33716	10570462
5	full	full	483065508	309071485	173994023	12312	dag	full-certified	full	32	32768	496	1048576	32	141760	0	0	0	62559010	246512475	173994023	42667099	35977	42542491
5	full	frontier	250340575	92185506	158155069	13000	dag	frontier-certified	full	32	32768	496	1048576	32	141760	1048576	32	1048576	92185506	0	158155069	41618651	35977	41493787
6	chain	frontier	24007330	9442479	14564851	3512	dag	frontier-certified	chain	32	32768	31	1048576	32	132460	65536	2	65536	9442479	0	14564851	3584440	33281	3454164
6	chain	full	45792831	27577390	18215441	7612	dag	full-certified	chain	32	32768	31	1048576	32	132460	0	0	0	8075042	19502348	18215441	4632888	33281	4502612
6	window	frontier	57556843	22320417	35236426	4504	dag	frontier-certified	window	32	32768	118	1048576	32	134200	163840	5	163840	22320417	0	35236426	10700518	33716	10570462
6	window	full	116773608	75034479	41739129	7788	dag	full-certified	window	32	32768	118	1048576	32	134200	0	0	0	14747931	60286548	41739129	11748966	33716	11618910
6	full	frontier	254933730	93270637	161663093	13024	dag	frontier-certified	full	32	32768	496	1048576	32	141760	1048576	32	1048576	93270637	0	161663093	41618651	35977	41493787
6	full	full	488425592	308891780	179533812	12148	dag	full-certified	full	32	32768	496	1048576	32	141760	0	0	0	61884193	247007587	179533812	42667099	35977	42542491
7	chain	full	45914095	27702582	18211513	7308	dag	full-certified	chain	32	32768	31	1048576	32	132460	0	0	0	8061446	19641136	18211513	4632888	33281	4502612
7	chain	frontier	24292250	9707242	14585008	3620	dag	frontier-certified	chain	32	32768	31	1048576	32	132460	65536	2	65536	9707242	0	14585008	3584440	33281	3454164
7	window	full	112780409	70944039	41836370	7816	dag	full-certified	window	32	32768	118	1048576	32	134200	0	0	0	14707326	56236713	41836370	11748966	33716	11618910
7	window	frontier	57386735	22006822	35379913	4432	dag	frontier-certified	window	32	32768	118	1048576	32	134200	163840	5	163840	22006822	0	35379913	10700518	33716	10570462
7	full	full	485428418	305429921	179998497	11920	dag	full-certified	full	32	32768	496	1048576	32	141760	0	0	0	62754525	242675396	179998497	42667099	35977	42542491
7	full	frontier	252172287	92434770	159737517	13060	dag	frontier-certified	full	32	32768	496	1048576	32	141760	1048576	32	1048576	92434770	0	159737517	41618651	35977	41493787
8	chain	frontier	24199738	9384932	14814806	3672	dag	frontier-certified	chain	32	32768	31	1048576	32	132460	65536	2	65536	9384932	0	14814806	3584440	33281	3454164
8	chain	full	46289124	28095023	18194101	7420	dag	full-certified	chain	32	32768	31	1048576	32	132460	0	0	0	8466591	19628432	18194101	4632888	33281	4502612
8	window	frontier	57052744	21886999	35165745	4312	dag	frontier-certified	window	32	32768	118	1048576	32	134200	163840	5	163840	21886999	0	35165745	10700518	33716	10570462
8	window	full	110716413	68324699	42391714	7772	dag	full-certified	window	32	32768	118	1048576	32	134200	0	0	0	14812842	53511857	42391714	11748966	33716	11618910
8	full	frontier	251271418	92517173	158754245	13056	dag	frontier-certified	full	32	32768	496	1048576	32	141760	1048576	32	1048576	92517173	0	158754245	41618651	35977	41493787
8	full	full	488328579	308220689	180107890	12100	dag	full-certified	full	32	32768	496	1048576	32	141760	0	0	0	62350361	245870328	180107890	42667099	35977	42542491
9	chain	full	46259819	27742366	18517453	7472	dag	full-certified	chain	32	32768	31	1048576	32	132460	0	0	0	7990133	19752233	18517453	4632888	33281	4502612
9	chain	frontier	23918193	9137992	14780201	3476	dag	frontier-certified	chain	32	32768	31	1048576	32	132460	65536	2	65536	9137992	0	14780201	3584440	33281	3454164
9	window	full	112376455	69997064	42379391	7792	dag	full-certified	window	32	32768	118	1048576	32	134200	0	0	0	14650349	55346715	42379391	11748966	33716	11618910
9	window	frontier	55938387	20691162	35247225	4448	dag	frontier-certified	window	32	32768	118	1048576	32	134200	163840	5	163840	20691162	0	35247225	10700518	33716	10570462
9	full	full	484783304	311047524	173735780	12288	dag	full-certified	full	32	32768	496	1048576	32	141760	0	0	0	63459317	247588207	173735780	42667099	35977	42542491
9	full	frontier	250544384	91885437	158658947	12968	dag	frontier-certified	full	32	32768	496	1048576	32	141760	1048576	32	1048576	91885437	0	158658947	41618651	35977	41493787
