z2,z3,z4,z5,z6,z7,z8	cand_idx	nine_set
0,0,1,20,10,19,26	4	1,9,10,11,13,15,18,19,20
0,1,1,10,25,14,23	8	0,11,12,13,14,22,24,25,26
0,1,1,21,18,15,12	2	0,3,4,5,6,7,8,12,23
0,1,2,7,15,18,24	1	1,3,4,5,6,7,8,17,22
0,1,16,2,0,20,10	2	0,3,4,5,6,7,8,17,24
0,1,26,23,15,7,21	1	0,1,3,4,5,6,7,8,26
1,1,0,6,17,2,8	0	2,3,4,5,6,7,8,10,11
1,1,0,7,9,2,14	0	2,3,4,5,6,7,8,12,20
1,1,0,7,18,4,17	6	0,2,12,13,14,20,24,25,26
1,1,1,18,25,10,14	0	2,3,4,5,6,7,8,9,17
1,1,5,4,19,22,1	8	0,4,11,12,13,14,24,25,26
1,1,7,3,8,24,14	3	2,9,10,11,13,16,18,19,20
1,1,11,13,20,23,12	3	2,9,10,11,13,18,19,20,22
1,1,14,16,13,16,7	0	2,3,4,5,6,7,8,19,25
1,1,16,9,16,22,25	9	2,4,7,15,16,17,21,22,23
1,1,18,1,25,9,23	0	2,3,4,5,6,7,8,13,18
1,1,23,23,21,7,16	0	2,3,4,5,6,7,8,20,26
1,1,25,15,0,18,19	1	1,3,4,5,6,7,8,17,24
2,0,1,12,3,9,24	0	0,1,2,3,4,5,6,7,8
2,1,4,26,7,8,18	1	1,3,4,5,6,7,8,11,25
2,1,6,15,13,24,6	5	0,3,9,10,11,16,18,19,20
2,1,18,0,26,25,12	0	2,3,4,5,6,7,8,11,24
2,1,18,2,11,25,3	1	0,1,3,4,5,6,7,8,20
2,1,20,23,9,12,25	23	3,7,9,10,11,21,24,25,26
2,1,22,7,21,10,4	4	1,3,9,10,11,14,18,19,20
3,1,4,16,13,3,14	3	1,2,9,10,11,12,18,19,20
3,1,6,9,24,5,17	0	2,3,4,5,6,7,8,15,25
3,1,7,2,12,7,11	0	2,3,4,5,6,7,8,15,16
3,1,12,0,15,25,15	3	2,9,10,11,13,18,19,20,26
3,1,14,9,22,25,0	0	2,3,4,5,6,7,8,13,23
3,1,17,10,11,5,5	8	0,12,13,14,15,16,24,25,26
3,1,18,14,6,8,2	7	1,4,11,12,13,14,24,25,26
3,1,26,1,20,6,15	9	2,9,11,15,16,17,21,22,23
4,1,2,18,14,3,26	7	1,5,9,12,13,14,24,25,26
4,1,5,26,1,13,22	6	2,4,12,13,14,17,24,25,26
4,1,9,21,3,18,17	5	0,4,9,10,11,13,18,19,20
4,1,11,21,22,13,19	7	1,9,12,13,14,22,24,25,26
4,1,18,14,0,16,12	7	1,12,13,14,15,16,24,25,26
4,1,19,9,16,23,1	11	0,12,13,15,16,17,21,22,23
4,1,20,17,0,18,15	6	2,12,13,14,19,21,24,25,26
4,1,22,3,3,12,9	7	1,10,12,13,14,23,24,25,26
4,1,24,5,0,3,2	0	2,3,4,5,6,7,8,22,23
4,1,25,12,26,6,20	3	2,8,9,10,11,17,18,19,20
4,1,26,4,11,24,25	4	1,9,10,11,18,19,20,22,26
5,1,0,22,18,24,24	6	2,3,4,12,13,14,24,25,26
5,1,4,6,3,10,2	2	0,3,4,5,6,7,8,19,21
5,1,4,22,24,6,4	12	0,1,2,5,6,7,8,18,21
5,1,5,21,22,1,24	4	1,9,10,11,17,18,19,20,24
5,1,5,22,14,20,20	1	1,3,4,5,6,7,8,18,23
5,1,7,8,19,6,25	3	2,9,10,11,18,19,20,21,25
5,1,16,11,11,7,1	2	0,3,4,5,6,7,8,18,19
5,1,20,0,6,8,7	1	1,3,4,5,6,7,8,9,13
5,1,24,8,0,13,7	3	2,7,9,10,11,17,18,19,20
5,1,24,19,23,9,17	3	1,2,9,10,11,13,18,19,20
6,1,0,3,0,26,4	4	1,7,9,10,11,18,19,20,25
6,1,0,14,19,11,26	5	0,7,9,10,11,18,19,20,24
6,1,3,11,25,7,18	0	2,3,4,5,6,7,8,17,19
6,1,6,14,11,25,18	3	1,2,9,10,11,18,19,20,25
6,1,7,22,12,25,18	1	1,3,4,5,6,7,8,10,18
6,1,10,10,21,6,11	0	2,3,4,5,6,7,8,15,17
6,1,19,21,9,15,13	4	1,9,10,11,13,18,19,20,24
7,0,1,5,2,17,1	2	0,3,4,5,6,7,8,12,25
7,1,0,26,24,5,2	6	2,3,12,13,14,17,24,25,26
7,1,6,3,2,14,8	1	1,3,4,5,6,7,8,14,23
7,1,7,20,23,6,24	1	1,3,4,5,6,7,8,11,19
7,1,11,19,25,14,18	1	0,1,3,4,5,6,7,8,15
7,1,12,3,14,2,5	7	1,10,11,12,13,14,24,25,26
7,1,15,11,20,5,13	0	2,3,4,5,6,7,8,18,20
8,1,0,25,16,4,14	1	1,3,4,5,6,7,8,14,22
8,1,9,13,23,13,24	0	2,3,4,5,6,7,8,13,21
8,1,11,5,14,12,23	0	2,3,4,5,6,7,8,22,24
8,1,16,15,10,26,4	4	1,9,10,11,18,19,20,22,26
8,1,25,25,24,3,1	3	0,2,9,10,11,18,19,20,22
9,1,5,2,4,0,13	2	0,3,4,5,6,7,8,11,20
9,1,5,13,13,6,24	4	1,9,10,11,14,15,18,19,20
9,1,17,9,20,4,11	4	1,9,10,11,16,18,19,20,23
9,1,19,11,20,18,17	6	2,5,12,13,14,15,24,25,26
9,1,25,3,2,13,6	1	1,3,4,5,6,7,8,17,23
10,1,1,7,18,12,9	7	1,5,11,12,13,14,24,25,26
10,1,2,7,17,14,13	3	2,5,9,10,11,18,19,20,24
10,1,3,9,17,12,12	5	0,9,10,11,15,17,18,19,20
10,1,7,16,11,25,12	1	1,3,4,5,6,7,8,13,18
10,1,17,15,25,7,21	8	0,5,6,12,13,14,24,25,26
10,1,20,25,7,20,21	2	0,3,4,5,6,7,8,23,26
10,1,24,20,20,10,10	5	0,5,9,10,11,18,19,20,26
11,1,1,2,4,10,4	0	2,3,4,5,6,7,8,10,17
11,1,2,3,6,23,10	0	0,2,3,4,5,6,7,8,10
11,1,4,6,20,9,3	0	0,2,3,4,5,6,7,8,12
11,1,8,11,23,17,24	0	2,3,4,5,6,7,8,13,19
11,1,9,2,13,5,3	7	0,1,7,12,13,14,24,25,26
11,1,11,20,6,16,5	8	0,9,12,13,14,22,24,25,26
11,1,13,25,2,18,0	6	2,12,13,14,20,22,24,25,26
11,1,20,2,16,1,19	0	2,3,4,5,6,7,8,16,21
12,1,5,18,22,25,14	4	1,9,10,11,15,17,18,19,20
12,1,6,22,8,18,12	6	0,2,12,13,14,17,24,25,26
12,1,22,20,18,8,1	4	0,1,4,9,10,11,18,19,20
12,1,24,11,22,23,14	2	0,3,4,5,6,7,8,10,26
13,1,0,23,24,7,8	2	0,3,4,5,6,7,8,10,21
13,1,4,20,8,23,4	8	0,4,9,12,13,14,24,25,26
13,1,6,21,9,16,13	0	1,2,3,4,5,6,7,8,10
13,1,7,12,5,11,24	1	1,3,4,5,6,7,8,19,21
13,1,8,24,5,3,14	2	0,3,4,5,6,7,8,13,14
13,1,11,18,12,11,23	1	1,3,4,5,6,7,8,11,26
13,1,16,15,5,8,16	0	2,3,4,5,6,7,8,17,23
13,1,18,3,22,8,3	3	2,6,9,10,11,17,18,19,20
13,1,18,10,20,18,9	1	1,3,4,5,6,7,8,19,22
13,1,22,14,5,10,11	2	0,3,4,5,6,7,8,11,26
14,1,1,19,18,15,14	17	3,12,13,14,17,21,22,23,25
14,1,2,14,19,12,10	1	1,3,4,5,6,7,8,16,26
14,1,3,14,2,16,13	0	2,3,4,5,6,7,8,15,21
14,1,5,25,22,12,2	3	2,9,10,11,13,18,19,20,25
14,1,13,0,17,20,18	0	2,3,4,5,6,7,8,13,22
14,1,19,0,15,0,7	7	1,3,12,13,14,23,24,25,26
14,1,19,4,2,7,7	10	1,5,14,15,16,17,21,22,23
14,1,22,22,26,4,21	2	0,3,4,5,6,7,8,12,16
15,1,0,4,3,24,17	0	2,3,4,5,6,7,8,18,26
15,1,0,17,23,15,12	2	0,3,4,5,6,7,8,10,19
15,1,6,2,21,14,12	0	2,3,4,5,6,7,8,14,21
15,1,9,23,12,3,26	4	1,5,9,10,11,16,18,19,20
15,1,11,15,19,18,24	0	0,2,3,4,5,6,7,8,26
15,1,11,26,19,21,10	5	0,9,10,11,14,18,19,20,26
15,1,14,21,9,14,19	3	2,6,8,9,10,11,18,19,20
15,1,15,19,26,21,26	0	2,3,4,5,6,7,8,11,16
15,1,16,5,19,8,20	3	2,8,9,10,11,18,19,20,23
15,1,17,14,21,0,13	0	0,2,3,4,5,6,7,8,23
15,1,18,5,19,1,16	2	0,3,4,5,6,7,8,22,25
15,1,26,25,8,14,23	2	0,3,4,5,6,7,8,14,23
16,0,1,22,25,25,10	11	0,4,6,15,16,17,21,22,23
16,1,4,26,19,9,20	0	2,3,4,5,6,7,8,16,17
16,1,11,1,6,10,23	1	1,3,4,5,6,7,8,10,17
16,1,12,18,14,14,17	3	2,9,10,11,17,18,19,20,26
16,1,21,20,1,18,20	4	1,5,9,10,11,18,19,20,22
16,1,25,7,15,26,24	2	0,3,4,5,6,7,8,10,24
17,1,3,5,9,24,4	4	1,9,10,11,15,18,19,20,24
17,1,4,0,23,19,7	2	0,3,4,5,6,7,8,10,26
17,1,11,8,5,11,25	3	2,9,10,11,13,18,19,20,21
17,1,12,0,12,23,20	0	2,3,4,5,6,7,8,9,23
17,1,18,11,24,24,24	3	2,9,10,11,16,18,19,20,24
17,1,19,26,5,8,24	13	0,1,2,4,6,7,8,10,25
18,1,3,0,16,22,1	0	2,3,4,5,6,7,8,14,22
18,1,12,10,8,14,19	6	2,10,12,13,14,21,24,25,26
18,1,15,11,15,14,8	1	1,3,4,5,6,7,8,19,24
18,1,15,22,16,12,2	1	1,3,4,5,6,7,8,9,23
18,1,16,2,19,15,4	1	1,3,4,5,6,7,8,11,14
18,1,23,0,21,21,11	0	0,2,3,4,5,6,7,8,14
19,1,0,23,25,0,21	23	3,6,9,10,11,12,24,25,26
19,1,3,3,18,13,21	0	2,3,4,5,6,7,8,17,18
19,1,4,3,11,10,3	4	1,9,10,11,12,18,19,20,21
19,1,6,6,11,5,20	1	1,3,4,5,6,7,8,17,19
19,1,10,1,7,7,26	1	1,3,4,5,6,7,8,14,19
19,1,15,12,21,7,15	1	1,3,4,5,6,7,8,19,22
19,1,20,14,2,1,3	0	1,2,3,4,5,6,7,8,9
19,1,22,9,10,1,3	5	0,9,10,11,18,19,20,22,23
19,1,22,21,21,4,6	3	2,9,10,11,13,18,19,20,24
20,1,0,8,25,1,15	16	4,10,12,13,14,19,21,22,23
20,1,3,18,13,12,10	2	0,3,4,5,6,7,8,9,20
20,1,5,12,13,2,4	6	2,3,12,13,14,18,24,25,26
20,1,6,16,9,6,20	0	1,2,3,4,5,6,7,8,26
20,1,8,18,8,16,14	1	1,3,4,5,6,7,8,20,23
20,1,14,18,6,0,21	2	0,3,4,5,6,7,8,9,20
20,1,16,21,16,25,14	3	2,9,10,11,18,19,20,22,25
20,1,22,1,19,4,8	0	0,2,3,4,5,6,7,8,12
20,1,24,7,4,0,20	1	1,3,4,5,6,7,8,15,16
20,1,24,13,16,5,7	0	0,2,3,4,5,6,7,8,17
21,1,3,10,1,25,17	11	0,5,12,15,16,17,21,22,23
21,1,3,25,16,12,26	0	2,3,4,5,6,7,8,17,18
21,1,9,7,16,4,9	6	2,3,6,12,13,14,24,25,26
21,1,26,1,9,20,12	2	0,3,4,5,6,7,8,23,24
22,0,1,19,20,16,2	7	1,5,12,13,14,15,24,25,26
22,1,2,24,26,5,0	2	0,3,4,5,6,7,8,12,18
22,1,3,13,9,1,1	6	2,12,13,14,20,22,24,25,26
22,1,10,11,9,26,20	4	0,1,9,10,11,12,18,19,20
22,1,12,3,7,10,16	5	0,4,6,9,10,11,18,19,20
22,1,13,14,24,1,22	1	1,3,4,5,6,7,8,10,21
22,1,17,5,18,11,1	0	2,3,4,5,6,7,8,11,13
22,1,24,5,2,10,13	4	1,3,8,9,10,11,18,19,20
23,1,3,15,7,12,5	2	0,3,4,5,6,7,8,14,22
23,1,9,7,13,15,9	1	1,3,4,5,6,7,8,10,16
23,1,25,0,25,11,7	1	1,3,4,5,6,7,8,14,16
24,1,2,7,13,2,4	4	1,4,9,10,11,15,18,19,20
24,1,3,16,10,0,7	0	2,3,4,5,6,7,8,14,19
24,1,6,23,7,17,10	1	1,3,4,5,6,7,8,20,22
24,1,14,19,22,17,20	3	2,4,9,10,11,18,19,20,23
24,1,18,18,13,16,3	4	1,6,9,10,11,18,19,20,23
24,1,19,24,1,18,13	0	2,3,4,5,6,7,8,9,15
25,0,1,1,25,7,8	1	1,3,4,5,6,7,8,9,23
25,1,6,2,1,0,13	4	1,4,9,10,11,17,18,19,20
25,1,11,25,26,3,14	0	2,3,4,5,6,7,8,17,19
25,1,13,16,4,3,5	3	2,9,10,11,17,18,19,20,22
25,1,20,26,16,12,1	10	1,4,8,15,16,17,21,22,23
25,1,21,21,19,8,11	1	1,3,4,5,6,7,8,15,21
25,1,22,20,13,15,10	0	0,2,3,4,5,6,7,8,11
25,1,23,1,17,8,5	2	0,3,4,5,6,7,8,15,21
26,1,8,17,22,16,24	0	2,3,4,5,6,7,8,9,12
26,1,9,4,26,15,15	2	0,3,4,5,6,7,8,14,18
26,1,15,21,9,16,4	5	0,9,10,11,16,18,19,20,25
26,1,17,1,12,22,11	0	2,3,4,5,6,7,8,18,20
26,1,20,0,20,15,11	0	2,3,4,5,6,7,8,10,14
26,1,25,3,5,4,5	2	0,3,4,5,6,7,8,16,17
26,1,26,0,1,20,3	0	1,2,3,4,5,6,7,8,13
