cand_idx	dir_d	line_q	x1	x2	x3	lambda_label	y1	y2	collision_type	n_colliding_roots
15	1	2	3	4	5	l2	1	23	offline_retained	1
19	1	2	3	5	4	l3	1	18	offline_retained	1
23	1	2	4	5	3	l1	1	26	offline_retained	1
28	1	1	6	8	7	l2	2	16	offline_retained	1
30	1	1	6	7	8	l3	2	9	offline_retained	1
35	1	1	7	8	6	l1	2	13	offline_retained	1
37	1	5	9	11	10	1	17	26	offline_retained	1
38	1	5	10	11	9	1	13	25	offline_retained	1
39	1	5	9	10	11	l2	5	19	offline_retained	1
41	1	5	10	11	9	l2	9	24	third_point_x3	1
45	1	5	9	10	11	l1	5	7	offline_retained	1
48	1	4	12	13	14	1	10	23	offline_retained	1
49	1	4	12	14	13	1	16	22	offline_retained	1
53	1	4	13	14	12	l2	4	8	offline_retained	1
55	1	4	12	14	13	l3	13	21	third_point_x3	1
56	1	4	13	14	12	l3	4	24	offline_retained	1
60	1	3	15	16	17	1	14	18	offline_retained	1
61	1	3	15	17	16	1	9	20	offline_retained	1
68	1	3	16	17	15	l3	3	6	offline_retained	1
70	1	3	15	17	16	l1	16	19	third_point_x3	1
71	1	3	16	17	15	l1	3	21	offline_retained	1
72	1	7	18	19	20	1	13	22	offline_retained	1
74	1	7	19	20	18	1	14	26	offline_retained	1
76	1	7	18	20	19	l2	7	11	offline_retained	1
77	1	7	19	20	18	l2	12	18	third_point_x3	1
82	1	7	18	20	19	l1	5	7	offline_retained	1
84	1	6	21	22	23	1	10	18	offline_retained	1
85	1	6	21	23	22	1	9	25	offline_retained	1
92	1	6	22	23	21	l3	3	6	offline_retained	1
93	1	6	21	22	23	l1	11	23	third_point_x3	1
95	1	6	22	23	21	l1	6	15	offline_retained	1
96	1	8	24	25	26	1	17	23	offline_retained	1
97	1	8	24	26	25	1	16	20	offline_retained	1
101	1	8	25	26	24	l2	4	8	offline_retained	1
102	1	8	24	25	26	l3	15	26	third_point_x3	1
104	1	8	25	26	24	l3	8	12	offline_retained	1
121	3	11	1	7	4	l2	4	26	third_point_x3	1
122	3	11	4	7	1	l2	2	15	offline_retained	1
123	3	11	1	4	7	1	19	23	offline_retained	1
124	3	11	1	7	4	1	16	20	offline_retained	1
131	3	11	4	7	1	l1	15	21	offline_retained	1
132	3	19	2	5	8	l2	8	13	third_point_x3	1
134	3	19	5	8	2	l2	1	21	offline_retained	1
135	3	19	2	5	8	1	10	23	offline_retained	1
136	3	19	2	8	5	1	11	16	offline_retained	1
143	3	19	5	8	2	l1	15	21	offline_retained	1
144	3	8	9	12	15	l2	3	14	offline_retained	1
151	3	8	9	15	12	l3	3	8	offline_retained	1
155	3	8	12	15	9	l1	3	23	offline_retained	1
157	3	16	10	16	13	l2	12	24	offline_retained	1
159	3	16	10	13	16	1	11	25	offline_retained	1
161	3	16	13	16	10	1	7	14	offline_retained	1
162	3	16	10	13	16	l3	16	17	third_point_x3	1
163	3	16	10	16	13	l3	12	26	offline_retained	1
172	3	24	11	17	14	1	7	8	offline_retained	1
173	3	24	14	17	11	1	4	20	offline_retained	1
174	3	24	11	14	17	l3	9	18	offline_retained	1
177	3	24	11	14	17	l1	18	22	offline_retained	1
178	3	24	11	17	14	l1	1	14	third_point_x3	1
181	3	4	18	24	21	l2	6	25	offline_retained	1
186	3	4	18	21	24	l3	4	6	offline_retained	1
191	3	4	21	24	18	l1	6	16	offline_retained	1
195	3	12	19	22	25	1	4	5	offline_retained	1
197	3	12	22	25	19	1	8	10	offline_retained	1
199	3	12	19	25	22	l3	9	18	offline_retained	1
201	3	12	19	22	25	l1	2	25	third_point_x3	1
202	3	12	19	25	22	l1	9	17	offline_retained	1
204	3	23	20	23	26	l2	12	24	offline_retained	1
208	3	23	20	26	23	1	14	19	offline_retained	1
209	3	23	23	26	20	1	5	25	offline_retained	1
210	3	23	20	23	26	l3	13	24	offline_retained	1
211	3	23	20	26	23	l3	22	23	third_point_x3	1
229	4	15	1	6	5	l1	5	18	third_point_x3	1
230	4	15	5	6	1	l1	2	12	offline_retained	1
236	4	15	5	6	1	l3	12	24	offline_retained	1
237	4	15	1	5	6	1	21	26	offline_retained	1
238	4	15	1	6	5	1	13	22	offline_retained	1
240	4	21	2	3	7	l1	7	9	third_point_x3	1
242	4	21	3	7	2	l1	1	24	offline_retained	1
248	4	21	3	7	2	l3	12	24	offline_retained	1
249	4	21	2	3	7	1	17	26	offline_retained	1
250	4	21	2	7	3	1	13	15	offline_retained	1
254	4	13	13	17	9	l1	11	19	offline_retained	1
256	4	13	9	17	13	l2	13	14	third_point_x3	1
257	4	13	13	17	9	l2	11	18	offline_retained	1
261	4	13	9	13	17	1	6	10	offline_retained	1
262	4	13	9	17	13	1	15	20	offline_retained	1
268	4	19	10	15	14	l2	16	23	offline_retained	1
271	4	19	10	15	14	l3	23	25	offline_retained	1
272	4	19	14	15	10	l3	1	10	third_point_x3	1
273	4	19	10	14	15	1	5	22	offline_retained	1
275	4	19	14	15	10	1	6	7	offline_retained	1
277	4	7	11	16	12	l1	4	10	offline_retained	1
281	4	7	12	16	11	l2	4	7	offline_retained	1
282	4	7	11	12	16	l3	4	26	offline_retained	1
290	4	26	22	26	18	l1	11	19	offline_retained	1
291	4	26	18	22	26	l2	25	26	third_point_x3	1
293	4	26	22	26	18	l2	9	19	offline_retained	1
297	4	26	18	22	26	1	10	21	offline_retained	1
298	4	26	18	26	22	1	3	20	offline_retained	1
300	4	5	19	23	24	l1	8	20	offline_retained	1
305	4	5	23	24	19	l2	5	8	offline_retained	1
307	4	5	19	24	23	l3	8	13	offline_retained	1
315	4	11	20	21	25	l2	16	23	offline_retained	1
318	4	11	20	21	25	l3	14	16	offline_retained	1
320	4	11	21	25	20	l3	2	20	third_point_x3	1
322	4	11	20	25	21	1	7	17	offline_retained	1
323	4	11	21	25	20	1	3	5	offline_retained	1
337	5	12	1	8	3	l3	3	23	third_point_x3	1
338	5	12	3	8	1	l3	2	11	offline_retained	1
344	5	12	3	8	1	l2	11	19	offline_retained	1
345	5	12	1	3	8	1	18	24	offline_retained	1
346	5	12	1	8	3	1	9	25	offline_retained	1
348	5	24	2	4	6	l3	6	16	third_point_x3	1
350	5	24	4	6	2	l3	1	19	offline_retained	1
356	5	24	4	6	2	l2	11	19	offline_retained	1
357	5	24	2	4	6	1	14	18	offline_retained	1
358	5	24	2	6	4	1	9	12	offline_retained	1
360	5	9	9	14	16	l3	15	21	offline_retained	1
363	5	9	9	14	16	l1	15	23	offline_retained	1
365	5	9	14	16	9	l1	9	10	third_point_x3	1
370	5	9	9	16	14	1	8	17	offline_retained	1
371	5	9	14	16	9	1	12	22	offline_retained	1
377	5	21	12	17	10	l1	13	26	offline_retained	1
378	5	21	10	12	17	l2	1	17	third_point_x3	1
380	5	21	12	17	10	l2	20	26	offline_retained	1
381	5	21	10	12	17	1	6	8	offline_retained	1
382	5	21	10	17	12	1	3	25	offline_retained	1
386	5	6	13	15	11	l3	5	17	offline_retained	1
387	5	6	11	13	15	l1	5	6	offline_retained	1
391	5	6	11	15	13	l2	5	18	offline_retained	1
397	5	18	18	25	23	l3	15	21	offline_retained	1
400	5	18	18	25	23	l1	16	21	offline_retained	1
401	5	18	23	25	18	l1	18	20	third_point_x3	1
405	5	18	18	23	25	1	4	22	offline_retained	1
407	5	18	23	25	18	1	17	24	offline_retained	1
410	5	3	21	26	19	l3	7	22	offline_retained	1
412	5	3	19	26	21	l1	3	7	offline_retained	1
414	5	3	19	21	26	l2	7	9	offline_retained	1
425	5	15	22	24	20	l1	13	26	offline_retained	1
427	5	15	20	24	22	l2	2	22	third_point_x3	1
428	5	15	22	24	20	l2	10	13	offline_retained	1
429	5	15	20	22	24	1	6	14	offline_retained	1
430	5	15	20	24	22	1	3	4	offline_retained	1
444	9	14	1	10	19	l1	8	11	offline_retained	1
445	9	14	1	19	10	l1	3	10	third_point_x3	1
451	9	14	1	19	10	1	21	24	offline_retained	1
452	9	14	10	19	1	1	5	12	offline_retained	1
453	9	14	1	10	19	l3	4	8	offline_retained	1
456	9	25	2	11	20	l1	6	20	third_point_x3	1
457	9	25	2	20	11	l1	4	19	offline_retained	1
462	9	25	2	11	20	1	12	15	offline_retained	1
464	9	25	11	20	2	1	7	24	offline_retained	1
466	9	25	2	20	11	l3	4	8	offline_retained	1
470	9	9	12	21	3	l1	17	22	offline_retained	1
472	9	9	3	21	12	l2	12	23	third_point_x3	1
473	9	9	12	21	3	l2	6	22	offline_retained	1
474	9	9	3	12	21	1	2	14	offline_retained	1
475	9	9	3	21	12	1	5	25	offline_retained	1
482	9	23	13	22	4	l1	9	14	offline_retained	1
483	9	23	4	13	22	l2	9	10	offline_retained	1
490	9	23	4	22	13	l3	9	24	offline_retained	1
495	9	7	5	14	23	l2	13	26	offline_retained	1
499	9	7	5	23	14	1	2	10	offline_retained	1
500	9	7	14	23	5	1	15	20	offline_retained	1
501	9	7	5	14	23	l3	16	26	offline_retained	1
502	9	7	5	23	14	l3	11	14	third_point_x3	1
506	9	18	15	24	6	l1	17	22	offline_retained	1
507	9	18	6	15	24	l2	16	24	third_point_x3	1
509	9	18	15	24	6	l2	3	17	offline_retained	1
510	9	18	6	15	24	1	7	14	offline_retained	1
511	9	18	6	24	15	1	1	25	offline_retained	1
520	9	5	7	25	16	l2	13	26	offline_retained	1
522	9	5	7	16	25	1	1	20	offline_retained	1
524	9	5	16	25	7	1	10	21	offline_retained	1
525	9	5	7	16	25	l3	19	25	third_point_x3	1
526	9	5	7	25	16	l3	13	23	offline_retained	1
530	9	16	17	26	8	l1	18	25	offline_retained	1
532	9	16	8	26	17	l2	18	20	offline_retained	1
537	9	16	8	17	26	l3	12	18	offline_retained	1
553	10	3	1	18	11	l3	19	22	offline_retained	1
554	10	3	11	18	1	l3	1	26	third_point_x3	1
559	10	3	1	18	11	l2	17	22	offline_retained	1
561	10	3	1	11	18	1	6	8	offline_retained	1
563	10	3	11	18	1	1	3	16	offline_retained	1
564	10	6	2	9	19	l3	11	17	offline_retained	1
566	10	6	9	19	2	l3	2	13	third_point_x3	1
570	10	6	2	9	19	l2	17	22	offline_retained	1
574	10	6	2	19	9	1	3	4	offline_retained	1
575	10	6	9	19	2	1	6	23	offline_retained	1
577	10	11	3	23	13	l3	5	7	offline_retained	1
580	10	11	3	23	13	l1	5	26	offline_retained	1
581	10	11	13	23	3	l1	3	14	third_point_x3	1
585	10	11	3	13	23	1	18	21	offline_retained	1
587	10	11	13	23	3	1	4	15	offline_retained	1
592	10	14	4	21	14	l1	12	24	offline_retained	1
594	10	14	4	14	21	l2	11	21	third_point_x3	1
595	10	14	4	21	14	l2	24	25	offline_retained	1
597	10	14	4	14	21	1	2	18	offline_retained	1
599	10	14	14	21	4	1	1	16	offline_retained	1
600	10	17	5	12	22	l3	20	21	offline_retained	1
605	10	17	12	22	5	l1	2	20	offline_retained	1
607	10	17	5	22	12	l2	6	20	offline_retained	1
612	10	19	6	16	26	l3	5	7	offline_retained	1
615	10	19	6	16	26	l1	7	13	offline_retained	1
617	10	19	16	26	6	l1	6	25	third_point_x3	1
622	10	19	6	26	16	1	9	15	offline_retained	1
623	10	19	16	26	6	1	8	21	offline_retained	1
625	10	22	7	24	17	l3	10	15	offline_retained	1
629	10	22	17	24	7	l1	1	10	offline_retained	1
630	10	22	7	17	24	l2	3	10	offline_retained	1
639	10	25	8	15	25	l1	12	24	offline_retained	1
642	10	25	8	15	25	l2	12	14	offline_retained	1
643	10	25	8	25	15	l2	15	19	third_point_x3	1
646	10	25	8	25	15	1	1	9	offline_retained	1
647	10	25	15	25	8	1	2	23	offline_retained	1
663	11	21	1	9	20	l2	11	26	offline_retained	1
667	11	21	1	20	9	l3	6	11	offline_retained	1
671	11	21	9	20	1	l1	11	24	offline_retained	1
676	11	15	2	18	10	l2	13	19	offline_retained	1
678	11	15	2	10	18	l3	3	19	offline_retained	1
683	11	15	10	18	2	l1	12	19	offline_retained	1
685	11	16	3	22	14	1	21	24	offline_retained	1
686	11	16	14	22	3	1	12	16	offline_retained	1
687	11	16	3	14	22	l2	17	20	offline_retained	1
689	11	16	14	22	3	l2	3	8	third_point_x3	1
693	11	16	3	14	22	l1	10	20	offline_retained	1
696	11	1	4	12	23	1	14	26	offline_retained	1
697	11	1	4	23	12	1	13	15	offline_retained	1
701	11	1	12	23	4	l2	9	18	offline_retained	1
703	11	1	4	23	12	l3	7	12	third_point_x3	1
704	11	1	12	23	4	l3	8	9	offline_retained	1
708	11	22	5	13	21	1	6	23	offline_retained	1
709	11	22	5	21	13	1	3	25	offline_retained	1
716	11	22	13	21	5	l3	1	2	offline_retained	1
718	11	22	5	21	13	l1	13	17	third_point_x3	1
719	11	22	13	21	5	l1	1	7	offline_retained	1
720	11	23	6	17	25	1	12	15	offline_retained	1
722	11	23	17	25	6	1	23	24	offline_retained	1
724	11	23	6	25	17	l2	10	22	offline_retained	1
725	11	23	17	25	6	l2	4	6	third_point_x3	1
730	11	23	6	25	17	l1	10	20	offline_retained	1
732	11	17	7	15	26	1	6	14	offline_retained	1
733	11	17	7	26	15	1	3	16	offline_retained	1
740	11	17	15	26	7	l3	1	2	offline_retained	1
741	11	17	7	15	26	l1	22	26	third_point_x3	1
743	11	17	15	26	7	l1	2	5	offline_retained	1
744	11	2	8	16	24	1	21	26	offline_retained	1
745	11	2	8	24	16	1	13	25	offline_retained	1
749	11	2	16	24	8	l2	9	18	offline_retained	1
750	11	2	8	16	24	l3	5	24	third_point_x3	1
752	11	2	16	24	8	l3	4	18	offline_retained	1
772	12	19	1	25	13	l1	7	12	offline_retained	1
776	12	19	13	25	1	l2	12	21	offline_retained	1
777	12	19	1	13	25	l3	12	23	offline_retained	1
783	12	11	2	14	26	l1	5	24	offline_retained	1
788	12	11	14	26	2	l2	15	24	offline_retained	1
790	12	11	2	26	14	l3	16	24	offline_retained	1
792	12	1	3	15	18	1	17	23	offline_retained	1
793	12	1	3	18	15	1	11	16	offline_retained	1
796	12	1	3	18	15	l1	8	15	third_point_x3	1
797	12	1	15	18	3	l1	6	13	offline_retained	1
803	12	1	15	18	3	l3	13	26	offline_retained	1
804	12	20	4	16	19	1	7	18	offline_retained	1
805	12	20	4	19	16	1	5	22	offline_retained	1
809	12	20	16	19	4	l1	1	2	offline_retained	1
811	12	20	4	19	16	l2	10	16	third_point_x3	1
812	12	20	16	19	4	l2	1	8	offline_retained	1
817	12	9	5	20	17	1	19	21	offline_retained	1
818	12	9	17	20	5	1	9	15	offline_retained	1
822	12	9	5	17	20	l2	14	25	offline_retained	1
825	12	9	5	17	20	l3	10	25	offline_retained	1
827	12	9	17	20	5	l3	5	6	third_point_x3	1
828	12	2	6	9	21	1	19	23	offline_retained	1
829	12	2	6	21	9	1	16	22	offline_retained	1
831	12	2	6	9	21	l1	4	21	third_point_x3	1
833	12	2	9	21	6	l1	3	26	offline_retained	1
839	12	2	9	21	6	l3	13	26	offline_retained	1
840	12	18	7	10	22	1	11	15	offline_retained	1
842	12	18	10	22	7	1	18	21	offline_retained	1
847	12	18	7	22	10	l2	14	25	offline_retained	1
850	12	18	7	22	10	l3	14	20	offline_retained	1
851	12	18	10	22	7	l3	3	7	third_point_x3	1
852	12	10	8	11	23	1	7	17	offline_retained	1
853	12	10	8	23	11	1	5	9	offline_retained	1
857	12	10	11	23	8	l1	1	2	offline_retained	1
858	12	10	8	11	23	l2	20	23	third_point_x3	1
860	12	10	11	23	8	l2	2	4	offline_retained	1
876	13	17	1	14	24	l2	6	12	offline_retained	1
877	13	17	1	24	14	l2	5	14	third_point_x3	1
880	13	17	1	24	14	1	19	21	offline_retained	1
881	13	17	14	24	1	1	4	15	offline_retained	1
882	13	17	1	14	24	l1	3	6	offline_retained	1
888	13	22	2	12	25	l2	7	25	third_point_x3	1
889	13	22	2	25	12	l2	3	24	offline_retained	1
891	13	22	2	12	25	1	11	15	offline_retained	1
893	13	22	12	25	2	1	8	21	offline_retained	1
895	13	22	2	25	12	l1	3	6	offline_retained	1
902	13	18	16	20	3	l2	13	17	offline_retained	1
907	13	18	3	20	16	l1	13	21	offline_retained	1
909	13	18	3	16	20	l3	13	14	offline_retained	1
916	13	8	4	18	17	1	2	14	offline_retained	1
917	13	8	17	18	4	1	11	25	offline_retained	1
918	13	8	4	17	18	l1	9	23	offline_retained	1
919	13	8	4	18	17	l1	12	17	third_point_x3	1
921	13	8	4	17	18	l3	16	23	offline_retained	1
926	13	13	15	19	5	l2	10	20	offline_retained	1
927	13	13	5	15	19	1	2	17	offline_retained	1
928	13	13	5	19	15	1	4	22	offline_retained	1
934	13	13	5	19	15	l3	15	18	third_point_x3	1
935	13	13	15	19	5	l3	7	20	offline_retained	1
938	13	9	10	23	6	l2	22	26	offline_retained	1
942	13	9	6	10	23	l1	15	26	offline_retained	1
946	13	9	6	23	10	l3	25	26	offline_retained	1
950	13	26	11	21	7	l2	10	20	offline_retained	1
951	13	26	7	11	21	1	8	17	offline_retained	1
952	13	26	7	21	11	1	1	22	offline_retained	1
957	13	26	7	11	21	l3	9	21	third_point_x3	1
959	13	26	11	21	7	l3	5	10	offline_retained	1
963	13	4	8	9	22	1	1	25	offline_retained	1
965	13	4	9	22	8	1	14	19	offline_retained	1
966	13	4	8	9	22	l1	22	24	third_point_x3	1
967	13	4	8	22	9	l1	16	18	offline_retained	1
970	13	4	8	22	9	l3	16	23	offline_retained	1
985	14	5	1	26	12	l1	20	24	offline_retained	1
986	14	5	12	26	1	l1	1	23	third_point_x3	1
988	14	5	1	26	12	l3	10	20	offline_retained	1
990	14	5	1	12	26	1	6	7	offline_retained	1
992	14	5	12	26	1	1	5	9	offline_retained	1
996	14	7	2	13	24	l1	10	12	offline_retained	1
998	14	7	13	24	2	l1	2	16	third_point_x3	1
999	14	7	2	13	24	l3	10	20	offline_retained	1
1003	14	7	2	24	13	1	3	5	offline_retained	1
1004	14	7	13	24	2	1	7	18	offline_retained	1
1011	14	17	3	17	19	l3	12	19	third_point_x3	1
1012	14	17	3	19	17	l3	21	22	offline_retained	1
1014	14	17	3	17	19	1	2	26	offline_retained	1
1016	14	17	17	19	3	1	1	9	offline_retained	1
1018	14	17	3	19	17	l2	15	21	offline_retained	1
1020	14	10	4	15	20	l1	19	25	offline_retained	1
1024	14	10	4	20	15	l3	7	25	offline_retained	1
1031	14	10	15	20	4	l2	2	25	offline_retained	1
1033	14	12	5	18	16	l1	4	8	offline_retained	1
1038	14	12	5	16	18	1	19	26	offline_retained	1
1040	14	12	16	18	5	1	3	11	offline_retained	1
1042	14	12	5	18	16	l2	4	23	offline_retained	1
1043	14	12	16	18	5	l2	5	17	third_point_x3	1
1047	14	22	6	11	22	l3	15	17	offline_retained	1
1048	14	22	6	22	11	l3	11	24	third_point_x3	1
1051	14	22	6	22	11	1	1	13	offline_retained	1
1052	14	22	11	22	6	1	2	18	offline_retained	1
1053	14	22	6	11	22	l2	15	21	offline_retained	1
1056	14	24	7	9	23	l1	4	8	offline_retained	1
1063	14	24	7	23	9	1	11	13	offline_retained	1
1064	14	24	9	23	7	1	6	19	offline_retained	1
1065	14	24	7	9	23	l2	8	16	offline_retained	1
1067	14	24	9	23	7	l2	7	22	third_point_x3	1
1069	14	20	8	21	10	l1	11	14	offline_retained	1
1071	14	20	8	10	21	l3	5	14	offline_retained	1
1079	14	20	10	21	8	l2	1	14	offline_retained	1
1097	15	24	16	22	1	l3	15	19	offline_retained	1
1098	15	24	1	16	22	l1	15	18	offline_retained	1
1102	15	24	1	22	16	l2	8	15	offline_retained	1
1109	15	12	17	23	2	l3	11	21	offline_retained	1
1111	15	12	2	23	17	l1	9	21	offline_retained	1
1113	15	12	2	17	23	l2	4	21	offline_retained	1
1116	15	25	3	9	24	1	8	26	offline_retained	1
1117	15	25	3	24	9	1	4	20	offline_retained	1
1120	15	25	3	24	9	l3	9	14	third_point_x3	1
1121	15	25	9	24	3	l3	1	6	offline_retained	1
1127	15	25	9	24	3	l2	1	2	offline_retained	1
1129	15	13	4	25	10	1	19	24	offline_retained	1
1130	15	13	10	25	4	1	11	13	offline_retained	1
1131	15	13	4	10	25	l3	17	22	offline_retained	1
1134	15	13	4	10	25	l1	14	22	offline_retained	1
1136	15	13	10	25	4	l1	4	7	third_point_x3	1
1140	15	1	5	11	26	1	10	18	offline_retained	1
1141	15	1	5	26	11	1	9	12	offline_retained	1
1148	15	1	11	26	5	l1	16	23	offline_retained	1
1150	15	1	5	26	11	l2	6	11	third_point_x3	1
1151	15	1	11	26	5	l2	7	16	offline_retained	1
1152	15	14	6	12	18	1	8	10	offline_retained	1
1153	15	14	6	18	12	1	4	13	offline_retained	1
1155	15	14	6	12	18	l3	18	25	third_point_x3	1
1157	15	14	12	18	6	l3	2	3	offline_retained	1
1163	15	14	12	18	6	l2	1	2	offline_retained	1
1164	15	2	7	13	19	1	18	24	offline_retained	1
1165	15	2	7	19	13	1	9	20	offline_retained	1
1172	15	2	13	19	7	l1	16	23	offline_retained	1
1173	15	2	7	13	19	l2	3	19	third_point_x3	1
1175	15	2	13	19	7	l2	5	23	offline_retained	1
1176	15	26	8	14	20	1	11	12	offline_retained	1
1178	15	26	14	20	8	1	19	26	offline_retained	1
1180	15	26	8	20	14	l3	17	22	offline_retained	1
1183	15	26	8	20	14	l1	17	25	offline_retained	1
1184	15	26	14	20	8	l1	5	8	third_point_x3	1
1200	16	10	1	17	21	l3	7	15	offline_retained	1
1201	16	10	1	21	17	l3	4	17	third_point_x3	1
1203	16	10	1	17	21	l2	5	7	offline_retained	1
1210	16	10	1	21	17	1	19	24	offline_retained	1
1211	16	10	17	21	1	1	3	11	offline_retained	1
1212	16	20	2	15	22	l3	8	22	third_point_x3	1
1213	16	20	2	22	15	l3	5	21	offline_retained	1
1216	16	20	2	22	15	l2	5	7	offline_retained	1
1221	16	20	2	15	22	1	11	12	offline_retained	1
1223	16	20	15	22	2	1	6	19	offline_retained	1
1227	16	6	3	10	26	l2	13	18	offline_retained	1
1228	16	6	3	26	10	l2	10	15	third_point_x3	1
1230	16	6	3	10	26	l1	9	18	offline_retained	1
1234	16	6	3	26	10	1	2	17	offline_retained	1
1235	16	6	10	26	3	1	12	22	offline_retained	1
1238	16	16	11	24	4	l3	14	25	offline_retained	1
1243	16	16	4	24	11	l1	11	26	third_point_x3	1
1244	16	16	11	24	4	l1	8	25	offline_retained	1
1245	16	16	4	11	24	1	2	10	offline_retained	1
1246	16	16	4	24	11	1	3	20	offline_retained	1
1250	16	26	9	25	5	l3	10	16	offline_retained	1
1252	16	26	5	25	9	l2	16	19	offline_retained	1
1254	16	26	5	9	25	l1	16	17	offline_retained	1
1263	16	3	6	13	20	l2	20	21	third_point_x3	1
1264	16	3	6	20	13	l2	9	26	offline_retained	1
1267	16	3	6	20	13	l1	9	18	offline_retained	1
1269	16	3	6	13	20	1	1	22	offline_retained	1
1271	16	3	13	20	6	1	17	24	offline_retained	1
1274	16	13	14	18	7	l3	20	23	offline_retained	1
1275	16	13	7	14	18	l2	11	23	offline_retained	1
1279	16	13	7	18	14	l1	22	23	offline_retained	1
1286	16	23	12	19	8	l3	14	25	offline_retained	1
1290	16	23	8	12	19	l1	13	19	third_point_x3	1
1292	16	23	12	19	8	l1	4	14	offline_retained	1
1293	16	23	8	12	19	1	6	10	offline_retained	1
1294	16	23	8	19	12	1	1	20	offline_retained	1
1309	17	4	1	23	15	l2	21	25	offline_retained	1
1310	17	4	15	23	1	l2	1	18	third_point_x3	1
1311	17	4	1	15	23	1	7	8	offline_retained	1
1313	17	4	15	23	1	1	4	13	offline_retained	1
1318	17	4	1	23	15	l1	14	25	offline_retained	1
1320	17	8	2	16	21	l2	14	15	offline_retained	1
1322	17	8	16	21	2	l2	2	9	third_point_x3	1
1324	17	8	2	21	16	1	4	5	offline_retained	1
1325	17	8	16	21	2	1	8	26	offline_retained	1
1329	17	8	2	16	21	l1	14	25	offline_retained	1
1332	17	14	3	11	25	l2	22	24	offline_retained	1
1340	17	14	11	25	3	l3	2	22	offline_retained	1
1342	17	14	3	25	11	l1	8	22	offline_retained	1
1345	17	15	4	26	9	l2	3	6	offline_retained	1
1347	17	15	4	9	26	1	23	24	offline_retained	1
1349	17	15	9	26	4	1	5	12	offline_retained	1
1351	17	15	4	26	9	l3	3	18	offline_retained	1
1352	17	15	9	26	4	l3	4	10	third_point_x3	1
1359	17	10	5	10	24	1	2	23	offline_retained	1
1361	17	10	10	24	5	1	1	13	offline_retained	1
1363	17	10	5	24	10	l3	11	19	offline_retained	1
1365	17	10	5	10	24	l1	15	24	third_point_x3	1
1366	17	10	5	24	10	l1	19	20	offline_retained	1
1369	17	25	6	19	14	l2	12	17	offline_retained	1
1376	17	25	14	19	6	l3	1	17	offline_retained	1
1377	17	25	6	14	19	l1	4	17	offline_retained	1
1384	17	20	7	20	12	1	1	16	offline_retained	1
1385	17	20	12	20	7	1	2	26	offline_retained	1
1386	17	20	7	12	20	l3	11	19	offline_retained	1
1389	17	20	7	12	20	l1	10	11	offline_retained	1
1390	17	20	7	20	12	l1	12	21	third_point_x3	1
1392	17	21	8	13	18	l2	3	6	offline_retained	1
1396	17	21	8	18	13	1	12	16	offline_retained	1
1397	17	21	13	18	8	1	7	24	offline_retained	1
1398	17	21	8	13	18	l3	6	9	offline_retained	1
1400	17	21	13	18	8	l3	8	20	third_point_x3	1
