cand_idx	dir_d	line_q	line_points	x1	x2	x3	kappa	lambda	lambda_label	plane_points	y1	y2	nine_set	torus_orbit_id	torus_orbit_size
40	1	5	9,10,11	9	11	10	13	13	l2	0,1,2,9,10,11,18,19,20	8	15	0,1,2,8,10,15,18,19,20	0	26
54	1	4	12,13,14	12	13	14	16	16	l3	0,1,2,12,13,14,24,25,26	6	11	0,1,2,6,11,14,24,25,26	1	26
69	1	3	15,16,17	15	16	17	9	9	l1	0,1,2,15,16,17,21,22,23	7	12	0,1,2,7,12,17,21,22,23	2	26
75	1	7	18,19,20	18	19	20	13	13	l2	0,1,2,9,10,11,18,19,20	4	21	0,1,2,4,9,10,11,20,21	0	26
94	1	6	21,22,23	21	23	22	9	9	l1	0,1,2,15,16,17,21,22,23	5	24	0,1,2,5,15,16,17,22,24	2	26
103	1	8	24,25,26	24	26	25	16	16	l3	0,1,2,12,13,14,24,25,26	3	19	0,1,2,3,12,13,14,19,25	1	26
120	3	11	1,4,7	1	4	7	22	13	l2	0,1,2,3,4,5,6,7,8	22	24	0,2,3,5,6,7,8,22,24	0	26
133	3	19	2,5,8	2	8	5	22	13	l2	0,1,2,3,4,5,6,7,8	12	17	0,1,3,4,5,6,7,12,17	0	26
164	3	16	10,13,16	13	16	10	11	16	l3	0,3,6,10,13,16,20,23,26	1	18	0,1,3,6,10,18,20,23,26	1	26
179	3	24	11,14,17	14	17	11	20	9	l1	0,3,6,11,14,17,19,22,25	15	26	0,3,6,11,15,19,22,25,26	2	26
203	3	12	19,22,25	22	25	19	20	9	l1	0,3,6,11,14,17,19,22,25	13	21	0,3,6,11,13,14,17,19,21	2	26
212	3	23	20,23,26	23	26	20	11	16	l3	0,3,6,10,13,16,20,23,26	2	9	0,2,3,6,9,10,13,16,20	1	26
228	4	15	1,5,6	1	5	6	25	9	l1	0,1,2,3,4,5,6,7,8	19	25	0,2,3,4,6,7,8,19,25	2	26
241	4	21	2,3,7	2	7	3	25	9	l1	0,1,2,3,4,5,6,7,8	11	14	0,1,3,4,5,6,8,11,14	2	26
255	4	13	9,13,17	9	13	17	15	13	l2	0,4,8,9,13,17,18,22,26	1	23	0,1,4,8,17,18,22,23,26	0	26
270	4	19	10,14,15	10	14	15	22	16	l3	0,4,8,10,14,15,20,21,25	12	18	0,4,8,12,15,18,20,21,25	1	26
292	4	26	18,22,26	18	26	22	15	13	l2	0,4,8,9,13,17,18,22,26	2	16	0,2,4,8,9,13,16,17,22	0	26
319	4	11	20,21,25	20	25	21	22	16	l3	0,4,8,10,14,15,20,21,25	9	24	0,4,8,9,10,14,15,21,24	1	26
336	5	12	1,3,8	1	3	8	20	16	l3	0,1,2,3,4,5,6,7,8	20	21	0,2,4,5,6,7,8,20,21	1	26
349	5	24	2,4,6	2	6	4	20	16	l3	0,1,2,3,4,5,6,7,8	10	15	0,1,3,4,5,7,8,10,15	1	26
364	5	9	9,14,16	9	16	14	12	9	l1	0,5,7,9,14,16,18,23,25	1	26	0,1,5,7,14,18,23,25,26	2	26
379	5	21	10,12,17	10	17	12	25	13	l2	0,5,7,10,12,17,20,22,24	11	23	0,5,7,11,12,20,22,23,24	0	26
399	5	18	18,23,25	18	23	25	12	9	l1	0,5,7,9,14,16,18,23,25	2	13	0,2,5,7,9,13,14,16,25	2	26
426	5	15	20,22,24	20	22	24	25	13	l2	0,5,7,10,12,17,20,22,24	16	19	0,5,7,10,12,16,17,19,24	0	26
446	9	14	1,10,19	10	19	1	3	9	l1	0,1,2,9,10,11,18,19,20	22	23	0,1,2,9,11,18,20,22,23	2	26
458	9	25	2,11,20	11	20	2	3	9	l1	0,1,2,9,10,11,18,19,20	16	17	0,1,2,9,10,16,17,18,19	2	26
471	9	9	3,12,21	3	12	21	12	13	l2	0,3,6,9,12,15,18,21,24	11	26	0,6,9,11,15,18,21,24,26	0	26
503	9	7	5,14,23	14	23	5	13	16	l3	0,5,7,9,14,16,18,23,25	4	6	0,4,5,6,7,9,16,18,25	1	26
508	9	18	6,15,24	6	24	15	12	13	l2	0,3,6,9,12,15,18,21,24	13	19	0,3,9,12,13,15,18,19,21	0	26
527	9	5	7,16,25	16	25	7	13	16	l3	0,5,7,9,14,16,18,23,25	3	8	0,3,5,7,8,9,14,18,23	1	26
552	10	3	1,11,18	1	11	18	9	16	l3	0,1,2,9,10,11,18,19,20	7	25	0,2,7,9,10,18,19,20,25	1	26
565	10	6	2,9,19	2	19	9	9	16	l3	0,1,2,9,10,11,18,19,20	5	14	0,1,5,9,10,11,14,18,20	1	26
579	10	11	3,13,23	3	13	23	22	9	l1	0,3,6,10,13,16,20,23,26	11	24	0,6,10,11,16,20,23,24,26	2	26
596	10	14	4,14,21	14	21	4	3	13	l2	0,4,8,10,14,15,20,21,25	22	26	0,4,8,10,15,20,22,25,26	0	26
616	10	19	6,16,26	6	26	16	22	9	l1	0,3,6,10,13,16,20,23,26	12	19	0,3,10,12,13,16,19,20,23	2	26
644	10	25	8,15,25	15	25	8	3	13	l2	0,4,8,10,14,15,20,21,25	13	17	0,4,8,10,13,14,17,20,21	0	26
688	11	16	3,14,22	3	22	14	11	13	l2	0,3,6,11,14,17,19,22,25	5	18	0,5,6,11,14,17,18,19,25	0	26
702	11	1	4,12,23	4	12	23	1	16	l3	0,4,8,11,12,16,19,23,24	2	22	0,2,8,11,16,19,22,23,24	1	26
717	11	22	5,13,21	5	13	21	5	9	l1	0,5,7,11,13,15,19,21,26	4	10	0,4,7,10,11,15,19,21,26	2	26
723	11	23	6,17,25	6	17	25	11	13	l2	0,3,6,11,14,17,19,22,25	7	9	0,3,7,9,11,14,19,22,25	0	26
742	11	17	7,15,26	7	26	15	5	9	l1	0,5,7,11,13,15,19,21,26	8	20	0,5,8,11,13,15,19,20,21	2	26
751	11	2	8,16,24	8	24	16	1	16	l3	0,4,8,11,12,16,19,23,24	1	17	0,1,4,11,12,16,17,19,23	1	26
795	12	1	3,15,18	3	15	18	1	9	l1	0,3,6,9,12,15,18,21,24	2	20	0,2,6,9,12,18,20,21,24	2	26
810	12	20	4,16,19	4	16	19	4	13	l2	0,4,8,11,12,16,19,23,24	3	14	0,3,8,11,12,14,19,23,24	0	26
826	12	9	5,17,20	5	20	17	12	16	l3	0,5,7,10,12,17,20,22,24	4	26	0,4,7,10,12,17,22,24,26	1	26
832	12	2	6,9,21	6	21	9	1	9	l1	0,3,6,9,12,15,18,21,24	1	10	0,1,3,9,10,12,15,18,24	2	26
849	12	18	7,10,22	7	10	22	12	16	l3	0,5,7,10,12,17,20,22,24	8	13	0,5,8,12,13,17,20,22,24	1	26
859	12	10	8,11,23	8	23	11	4	13	l2	0,4,8,11,12,16,19,23,24	6	25	0,4,6,11,12,16,19,24,25	0	26
878	13	17	1,14,24	14	24	1	5	13	l2	0,1,2,12,13,14,24,25,26	18	20	0,1,2,12,13,18,20,25,26	0	26
890	13	22	2,12,25	12	25	2	5	13	l2	0,1,2,12,13,14,24,25,26	9	10	0,1,2,9,10,13,14,24,26	0	26
920	13	8	4,17,18	17	18	4	16	9	l1	0,4,8,9,13,17,18,22,26	3	7	0,3,4,7,8,9,13,22,26	2	26
933	13	13	5,15,19	5	15	19	15	16	l3	0,5,7,11,13,15,19,21,26	12	23	0,7,11,12,13,19,21,23,26	1	26
958	13	26	7,11,21	7	21	11	15	16	l3	0,5,7,11,13,15,19,21,26	16	24	0,5,11,13,15,16,19,24,26	1	26
968	13	4	8,9,22	9	22	8	16	9	l1	0,4,8,9,13,17,18,22,26	5	6	0,4,5,6,8,13,17,18,26	2	26
984	14	5	1,12,26	1	12	26	13	9	l1	0,1,2,12,13,14,24,25,26	8	22	0,2,8,13,14,22,24,25,26	2	26
997	14	7	2,13,24	2	24	13	13	9	l1	0,1,2,12,13,14,24,25,26	4	17	0,1,4,12,13,14,17,25,26	2	26
1013	14	17	3,17,19	17	19	3	5	16	l3	0,3,6,11,14,17,19,22,25	20	23	0,3,6,11,14,20,22,23,25	1	26
1041	14	12	5,16,18	5	16	18	20	13	l2	0,5,7,9,14,16,18,23,25	12	21	0,7,9,12,14,18,21,23,25	0	26
1049	14	22	6,11,22	11	22	6	5	16	l3	0,3,6,11,14,17,19,22,25	10	16	0,3,6,10,14,16,17,19,25	1	26
1066	14	24	7,9,23	7	23	9	20	13	l2	0,5,7,9,14,16,18,23,25	15	24	0,5,9,14,15,16,18,24,25	0	26
1119	15	25	3,9,24	3	9	24	3	16	l3	0,3,6,9,12,15,18,21,24	5	17	0,5,6,12,15,17,18,21,24	1	26
1135	15	13	4,10,25	4	25	10	15	9	l1	0,4,8,10,14,15,20,21,25	3	23	0,3,8,10,14,15,20,21,23	2	26
1149	15	1	5,11,26	5	11	26	1	13	l2	0,5,7,11,13,15,19,21,26	2	25	0,2,7,13,15,19,21,25,26	0	26
1156	15	14	6,12,18	6	18	12	3	16	l3	0,3,6,9,12,15,18,21,24	7	22	0,3,7,9,12,15,21,22,24	1	26
1174	15	2	7,13,19	7	19	13	1	13	l2	0,5,7,11,13,15,19,21,26	1	14	0,1,5,11,13,14,15,21,26	0	26
1182	15	26	8,14,20	8	14	20	15	9	l1	0,4,8,10,14,15,20,21,25	6	16	0,4,6,10,15,16,20,21,25	2	26
1202	16	10	1,17,21	17	21	1	4	16	l3	0,1,2,15,16,17,21,22,23	25	26	0,1,2,15,16,22,23,25,26	1	26
1214	16	20	2,15,22	15	22	2	4	16	l3	0,1,2,15,16,17,21,22,23	13	14	0,1,2,13,14,16,17,21,23	1	26
1229	16	6	3,10,26	10	26	3	9	13	l2	0,3,6,10,13,16,20,23,26	5	8	0,3,5,6,8,13,16,20,23	0	26
1242	16	16	4,11,24	4	11	24	11	9	l1	0,4,8,11,12,16,19,23,24	15	18	0,8,12,15,16,18,19,23,24	2	26
1265	16	3	6,13,20	13	20	6	9	13	l2	0,3,6,10,13,16,20,23,26	4	7	0,3,4,6,7,10,16,23,26	0	26
1291	16	23	8,12,19	8	19	12	11	9	l1	0,4,8,11,12,16,19,23,24	9	21	0,4,9,11,12,16,21,23,24	2	26
1308	17	4	1,15,23	1	15	23	16	13	l2	0,1,2,15,16,17,21,22,23	6	20	0,2,6,16,17,20,21,22,23	0	26
1321	17	8	2,16,21	2	21	16	16	13	l2	0,1,2,15,16,17,21,22,23	3	10	0,1,3,10,15,16,17,22,23	0	26
1350	17	15	4,9,26	4	9	26	25	16	l3	0,4,8,9,13,17,18,22,26	15	19	0,8,13,15,17,18,19,22,26	1	26
1367	17	10	5,10,24	10	24	5	4	9	l1	0,5,7,10,12,17,20,22,24	18	25	0,5,7,12,17,18,20,22,25	2	26
1391	17	20	7,12,20	12	20	7	4	9	l1	0,5,7,10,12,17,20,22,24	9	14	0,5,7,9,10,14,17,22,24	2	26
1399	17	21	8,13,18	8	18	13	25	16	l3	0,4,8,9,13,17,18,22,26	11	21	0,4,9,11,13,17,21,22,26	1	26
