orbit_rep	orbit_size	torus_frobenius_rep	category	max_plane_intersection	n_lines_contained	parallel_directions	nine_set
8099	26	8099	d-none	5	2	-	0,1,5,7,8,9,10,11,12
8102	26	8102	d-none	5	2	-	1,2,5,7,8,9,10,11,12
8106	26	8106	d-none	5	2	-	1,3,5,7,8,9,10,11,12
8114	26	8114	d-none	5	2	-	1,4,5,7,8,9,10,11,12
8162	26	8162	d-none	6	3	-	1,5,6,7,8,9,10,11,12
13967	26	13967	d-none	5	2	-	0,1,2,3,7,9,10,12,13
16290	26	16290	d-none	5	1	-	1,5,7,8,9,10,11,12,13
18811	26	18811	c2-plane-two-point-switch	7	5	-	0,1,3,4,5,6,8,11,14
24482	26	24482	d-none	5	1	-	1,5,7,8,9,10,11,12,14
26014	26	26014	d-none	6	3	-	1,2,3,4,7,8,10,13,14
29644	26	29644	d-none	6	3	-	2,3,6,7,8,9,12,13,14
34235	26	18811	c2-plane-two-point-switch	7	5	-	0,1,3,4,5,7,8,10,15
38613	26	38613	d-none	5	2	-	0,2,4,6,7,9,10,12,15
40222	26	40222	d-none	5	1	-	1,2,3,4,8,10,11,12,15
40866	26	40866	d-none	5	2	-	1,5,7,8,9,10,11,12,15
48017	26	48017	d-none	5	3	-	0,4,7,8,9,11,12,13,15
55406	26	40222	d-none	5	1	-	1,2,3,5,6,11,12,14,15
56071	26	56071	d-none	5	2	-	0,1,2,8,9,11,12,14,15
59789	26	38613	d-none	5	2	-	0,2,3,7,8,11,13,14,15
61779	26	8099	d-none	5	2	-	0,1,4,6,8,12,13,14,15
61782	26	8102	d-none	5	2	-	1,2,4,6,8,12,13,14,15
61786	26	8114	d-none	5	2	-	1,3,4,6,8,12,13,14,15
61810	26	8106	d-none	5	2	-	1,4,5,6,8,12,13,14,15
61906	26	8162	d-none	6	3	-	1,4,6,7,8,12,13,14,15
62290	26	62290	d-none	5	2	-	1,4,6,8,9,12,13,14,15
62802	26	62802	d-none	5	2	-	1,4,6,8,10,12,13,14,15
63826	26	40866	d-none	5	2	-	1,4,6,8,11,12,13,14,15
64673	26	64673	d-none	6	4	-	0,5,7,10,11,12,13,14,15
69588	26	29644	d-none	6	3	-	2,4,6,7,8,9,10,11,16
73634	26	62290	d-none	5	2	-	1,5,7,8,9,10,11,12,16
74303	26	74303	d-none	6	2	-	0,1,2,3,4,5,9,13,16
74366	26	74366	d-none	6	3	-	1,2,3,4,5,6,9,13,16
74430	26	74366	d-none	6	3	-	1,2,3,4,5,7,9,13,16
74558	26	74366	d-none	6	3	-	1,2,3,4,5,8,9,13,16
75326	26	75326	d-none	5	2	-	1,2,3,4,5,9,10,13,16
76350	26	76350	d-none	5	1	-	1,2,3,4,5,9,11,13,16
78398	26	76350	d-none	5	1	-	1,2,3,4,5,9,12,13,16
83847	26	83847	d-none	5	2	-	0,1,2,7,8,9,10,14,16
85681	26	85681	d-none	6	3	-	0,4,5,7,9,10,11,14,16
87960	26	87960	d-none	5	1	-	3,4,7,8,9,10,12,14,16
90686	26	75326	d-none	5	2	-	1,2,3,4,5,9,13,14,16
93465	26	93465	d-none	5	2	-	0,3,4,8,10,11,13,14,16
93510	26	93510	d-none	5	1	-	1,2,6,8,10,11,13,14,16
105185	26	48017	d-none	5	3	-	0,5,6,7,9,11,12,15,16
105607	26	56071	d-none	5	2	-	0,1,2,7,10,11,12,15,16
107070	26	76350	d-none	5	1	-	1,2,3,4,5,9,13,15,16
112969	26	48017	d-none	5	3	-	0,3,6,8,11,12,13,15,16
116521	26	116521	d-none	5	2	-	0,3,5,8,9,10,14,15,16
123175	26	13967	d-none	5	2	-	0,1,2,5,8,13,14,15,16
127314	26	16290	d-none	5	1	-	1,4,6,8,12,13,14,15,16
132854	26	26014	d-none	6	3	-	1,2,4,5,6,7,9,10,17
135419	26	18811	c2-plane-two-point-switch	7	5	-	0,1,3,4,5,6,7,12,17
139170	26	62802	d-none	5	2	-	1,5,7,8,9,10,11,12,17
156487	26	83847	d-none	5	2	-	0,1,2,6,8,9,13,14,17
158321	26	116521	d-none	5	2	-	0,4,5,6,9,11,13,14,17
158743	26	158743	d-none	5	2	-	0,1,2,4,10,11,13,14,17
160537	26	85681	d-none	6	3	-	0,3,4,8,9,12,13,14,17
170166	26	40222	d-none	5	1	-	1,2,4,5,7,11,12,15,17
171593	26	64673	d-none	6	4	-	0,3,6,9,10,11,12,15,17
173745	26	93465	d-none	5	2	-	0,4,5,7,9,10,13,15,17
173958	26	93510	d-none	5	1	-	1,2,7,8,9,10,13,15,17
178247	26	56071	d-none	5	2	-	0,1,2,6,11,12,13,15,17
181799	26	158743	d-none	5	2	-	0,1,2,5,9,10,14,15,17
189288	26	87960	d-none	5	1	-	3,5,6,8,9,13,14,15,17
192850	26	24482	d-none	5	1	-	1,4,6,8,12,13,14,15,17
199255	26	13967	d-none	5	2	-	0,1,2,4,6,9,11,16,17
203109	26	38613	d-none	5	2	-	0,2,5,6,8,11,12,16,17
205374	26	75326	d-none	5	2	-	1,2,3,4,5,9,13,16,17
206023	26	83847	d-none	5	2	-	0,1,2,6,7,10,13,16,17
208112	26	87960	d-none	5	1	-	4,5,6,7,10,11,13,16,17
210073	26	116521	d-none	5	2	-	0,3,4,7,10,12,13,16,17
213358	26	26014	d-none	6	3	-	1,2,3,5,6,8,14,16,17
217705	26	93465	d-none	5	2	-	0,3,5,6,9,12,14,16,17
217798	26	93510	d-none	5	1	-	1,2,6,7,9,12,14,16,17
218127	26	158743	d-none	5	2	-	0,1,2,3,10,12,14,16,17
223168	26	223168	d-none	6	4	-	6,7,8,9,10,13,14,16,17
231627	26	8099	d-none	5	2	-	0,1,3,6,7,11,15,16,17
231630	26	8102	d-none	5	2	-	1,2,3,6,7,11,15,16,17
231642	26	8106	d-none	5	2	-	1,3,4,6,7,11,15,16,17
231658	26	8114	d-none	5	2	-	1,3,5,6,7,11,15,16,17
231882	26	8162	d-none	6	3	-	1,3,6,7,8,11,15,16,17
232138	26	16290	d-none	5	1	-	1,3,6,7,9,11,15,16,17
232650	26	24482	d-none	5	1	-	1,3,6,7,10,11,15,16,17
235722	26	40866	d-none	5	2	-	1,3,6,7,11,12,15,16,17
238052	26	29644	d-none	6	3	-	2,5,6,7,8,13,15,16,17
238697	26	85681	d-none	6	3	-	0,3,5,6,10,13,15,16,17
239818	26	62290	d-none	5	2	-	1,3,6,7,11,13,15,16,17
248010	26	62802	d-none	5	2	-	1,3,6,7,11,14,15,16,17
252177	26	64673	d-none	6	4	-	0,4,8,11,12,14,15,16,17
270242	26	270242	d-none	5	2	-	1,5,7,8,9,10,11,12,18
271829	26	271829	d-none	6	5	-	0,2,4,6,7,8,10,13,18
280766	26	280766	d-none	6	5	-	1,2,3,4,5,7,11,14,18
281717	26	281717	d-none	5	2	-	0,2,4,5,6,10,11,14,18
284266	26	284266	d-none	5	2	-	1,3,5,6,9,10,12,14,18
297433	26	297433	d-none	6	4	-	0,3,4,6,7,8,11,15,18
299834	26	299834	d-none	5	4	-	1,3,4,5,8,9,12,15,18
320045	26	320045	d-none	5	2	-	0,2,3,5,9,13,14,15,18
323922	26	323922	d-none	6	3	-	1,4,6,8,12,13,14,15,18
325643	26	325643	d-none	6	4	-	0,1,3,11,12,13,14,15,18
336446	26	336446	d-none	5	2	-	1,2,3,4,5,9,13,16,18
338401	26	338401	d-none	5	4	-	0,5,6,7,8,11,13,16,18
340212	26	340212	d-none	5	3	-	2,4,5,6,7,12,13,16,18
340551	26	340551	d-none	5	3	-	0,1,2,6,9,12,13,16,18
346578	26	346578	d-none	6	4	-	1,4,6,7,8,11,14,16,18
346651	26	346651	d-none	5	3	-	0,1,3,4,9,11,14,16,18
350505	26	281717	d-none	5	2	-	0,3,5,8,11,12,14,16,18
351756	26	351756	d-none	6	4	-	2,3,9,10,11,12,14,16,18
374560	26	374560	d-none	6	4	-	5,8,9,10,12,13,15,16,18
386124	26	386124	d-none	6	4	-	2,3,6,10,13,14,15,16,18
391264	26	391264	d-none	6	5	-	5,6,11,12,13,14,15,16,18
397025	26	340551	d-none	5	3	-	0,5,6,7,9,10,11,17,18
400082	26	400082	d-none	6	4	-	1,4,6,7,9,11,12,17,18
404824	26	270242	d-none	5	2	-	3,4,6,8,10,11,13,17,18
404936	26	404936	d-none	5	2	-	3,6,7,8,10,11,13,17,18
405320	26	405320	d-none	5	3	-	3,6,8,9,10,11,13,17,18
408904	26	408904	d-none	5	3	-	3,6,8,10,11,12,13,17,18
415783	26	415783	d-none	5	3	-	0,1,2,5,11,12,14,17,18
422538	26	422538	d-none	5	3	-	1,3,7,9,12,13,14,17,18
434715	26	434715	d-none	6	4	-	0,1,3,4,9,13,15,17,18
437576	26	437576	d-none	6	3	-	3,6,8,10,11,13,15,17,18
444998	26	444998	d-none	5	2	-	1,2,6,9,11,14,15,17,18
445012	26	408904	d-none	5	3	-	2,4,6,9,11,14,15,17,18
445124	26	404936	d-none	5	2	-	2,6,7,9,11,14,15,17,18
446020	26	446020	d-none	6	4	-	2,6,9,10,11,14,15,17,18
453188	26	437576	d-none	6	3	-	2,6,9,11,13,14,15,17,18
459577	26	459577	d-none	6	5	-	0,3,4,5,8,9,16,17,18
465450	26	465450	d-none	6	3	-	1,3,5,9,11,12,16,17,18
476500	26	465450	d-none	6	3	-	2,4,6,8,10,14,16,17,18
483477	26	281717	d-none	5	2	-	0,2,4,7,13,14,16,17,18
496780	26	496780	d-none	6	5	-	2,3,7,10,12,15,16,17,18
509450	26	509450	d-none	6	4	-	1,3,9,10,14,15,16,17,18
510532	26	323922	d-none	6	3	-	2,6,9,11,14,15,16,17,18
512560	26	512560	d-none	6	5	-	4,5,9,12,14,15,16,17,18
532386	26	405320	d-none	5	3	-	1,5,7,8,9,10,11,12,19
535763	26	535763	d-none	6	4	-	0,1,4,6,7,10,11,13,19
545611	26	338401	d-none	5	4	-	0,1,3,6,8,9,12,14,19
558819	26	535763	d-none	6	4	-	0,1,5,6,7,9,10,15,19
569523	26	434715	d-none	6	4	-	0,1,4,5,7,12,13,15,19
580936	26	580936	d-none	5	3	-	3,6,8,10,11,12,14,15,19
583906	26	280766	d-none	6	5	-	1,5,6,7,11,13,14,15,19
587828	26	587828	d-none	5	3	-	2,4,5,11,12,13,14,15,19
598590	26	598590	d-none	5	3	-	1,2,3,4,5,9,13,16,19
608597	26	459577	d-none	6	5	-	0,2,4,6,8,11,14,16,19
617108	26	400082	d-none	6	4	-	2,4,7,9,11,13,14,16,19
618049	26	618049	d-none	6	5	-	0,6,9,10,11,13,14,16,19
623600	26	623600	d-none	5	3	-	4,5,6,7,8,9,15,16,19
629858	26	374560	d-none	6	4	-	1,5,6,10,11,12,15,16,19
641816	26	641816	d-none	5	2	-	3,4,8,9,11,14,15,16,19
660793	26	618049	d-none	6	5	-	0,3,4,5,8,10,12,17,19
662614	26	662614	d-none	6	3	-	1,2,4,6,10,11,12,17,19
664042	26	664042	d-none	6	5	-	1,3,5,6,7,8,13,17,19
664231	26	664231	d-none	6	5	-	0,1,2,5,7,9,13,17,19
683393	26	346651	d-none	5	3	-	0,7,8,10,11,13,14,17,19
696661	26	320045	d-none	5	2	-	0,2,4,6,8,13,15,17,19
701466	26	701466	d-none	6	3	-	1,3,4,10,12,13,15,17,19
705082	26	705082	d-none	6	3	-	1,3,4,5,9,14,15,17,19
722524	26	509450	d-none	6	4	-	2,3,4,6,9,10,16,17,19
751776	26	751776	d-none	6	4	-	5,7,11,12,13,14,16,17,19
757408	26	662614	d-none	6	3	-	5,7,9,10,11,15,16,17,19
770822	26	340212	d-none	5	3	-	1,2,8,9,14,15,16,17,19
792803	26	664231	d-none	6	5	-	0,1,5,6,7,11,12,18,19
836273	26	297433	d-none	6	4	-	0,4,5,7,9,14,15,18,19
837722	26	623600	d-none	5	3	-	1,3,4,6,11,14,15,18,19
839850	26	422538	d-none	5	3	-	1,3,5,7,12,14,15,18,19
881730	26	496780	d-none	6	5	-	1,6,10,12,13,14,16,18,19
894114	26	894114	d-none	6	5	-	1,5,7,10,13,15,16,18,19
920730	26	894114	d-none	6	5	-	1,3,4,7,10,11,17,18,19
936579	26	459577	d-none	6	5	-	0,1,7,9,11,14,17,18,19
942290	26	391264	d-none	6	5	-	1,4,6,7,13,14,17,18,19
956048	26	422538	d-none	5	3	-	4,7,9,10,12,15,17,18,19
969284	26	969284	d-none	5	3	-	2,6,9,11,14,15,17,18,19
987314	26	509450	d-none	6	4	-	1,4,5,7,12,16,17,18,19
1008152	26	894114	d-none	6	5	-	3,4,9,13,14,16,17,18,19
1056674	26	969284	d-none	5	3	-	1,5,7,8,9,10,11,12,20
1075913	26	320045	d-none	5	2	-	0,3,6,7,9,11,13,14,20
1078960	26	641816	d-none	5	2	-	4,5,7,9,10,12,13,14,20
1090932	26	1090932	d-none	6	4	-	2,4,5,6,8,10,13,15,20
1093187	26	271829	d-none	6	5	-	0,1,6,9,10,11,13,15,20
1102730	26	391264	d-none	6	5	-	1,3,7,8,9,12,14,15,20
1110354	26	446020	d-none	6	4	-	1,4,6,8,12,13,14,15,20
1122878	26	1122878	d-none	5	3	-	1,2,3,4,5,9,13,16,20
1128756	26	598590	d-none	5	3	-	2,4,5,8,11,12,13,16,20
1128760	26	1122878	d-none	5	3	-	3,4,5,8,11,12,13,16,20
1128880	26	336446	d-none	5	2	-	4,5,7,8,11,12,13,16,20
1129776	26	336446	d-none	5	2	-	4,5,8,10,11,12,13,16,20
1131384	26	1131384	d-none	6	4	-	3,4,5,6,8,9,14,16,20
1139299	26	325643	d-none	6	4	-	0,1,5,6,9,13,14,16,20
1145136	26	598590	d-none	5	3	-	4,5,8,11,12,13,14,16,20
1159564	26	705082	d-none	6	3	-	2,3,7,8,12,13,15,16,20
1161520	26	1122878	d-none	5	3	-	4,5,8,11,12,13,15,16,20
1164618	26	1090932	d-none	6	4	-	1,3,6,8,10,14,15,16,20
1165958	26	587828	d-none	5	3	-	1,2,7,9,11,14,15,16,20
1183516	26	270242	d-none	5	2	-	2,3,4,8,9,10,11,17,20
1185543	26	297433	d-none	6	4	-	0,1,2,8,9,10,12,17,20
1240208	26	346578	d-none	6	4	-	4,7,10,11,13,14,15,17,20
1242117	26	535763	d-none	6	4	-	0,2,10,12,13,14,15,17,20
1246178	26	351756	d-none	6	4	-	1,5,6,7,8,9,16,17,20
1247411	26	346651	d-none	5	3	-	0,1,4,5,7,11,16,17,20
1259074	26	512560	d-none	6	5	-	1,6,9,10,12,13,16,17,20
1279378	26	580936	d-none	5	3	-	1,4,7,8,10,15,16,17,20
1316708	26	580936	d-none	5	3	-	2,5,6,8,9,10,12,18,20
1324182	26	623600	d-none	5	3	-	1,2,4,7,10,12,13,18,20
1339140	26	664042	d-none	6	5	-	2,8,9,10,11,13,14,18,20
1373698	26	1131384	d-none	6	4	-	1,9,10,12,13,14,15,18,20
1411880	26	465450	d-none	6	3	-	3,5,8,9,11,15,16,18,20
1417922	26	404936	d-none	5	2	-	1,6,7,9,13,15,16,18,20
1418176	26	437576	d-none	6	3	-	6,7,8,9,13,15,16,18,20
1422016	26	446020	d-none	6	4	-	6,7,9,12,13,15,16,18,20
1430025	26	271829	d-none	6	5	-	0,3,9,12,14,15,16,18,20
1453384	26	444998	d-none	5	2	-	3,6,8,10,11,13,17,18,20
1459378	26	751776	d-none	6	4	-	1,4,5,7,10,14,17,18,20
1541157	26	618049	d-none	6	5	-	0,2,5,10,15,16,17,18,20
1548992	26	408904	d-none	5	3	-	6,7,9,13,15,16,17,18,20
1576169	13	1576169	d-none	5	4	-	0,3,5,6,7,10,11,19,20
1576170	26	1576170	d-none	5	2	-	1,3,5,6,7,10,11,19,20
1576184	26	1576184	d-none	5	1	-	3,4,5,6,7,10,11,19,20
1576680	26	1576680	d-none	5	1	-	3,5,6,7,9,10,11,19,20
1580264	26	1576680	d-none	5	1	-	3,5,6,7,10,11,12,19,20
1582387	26	340551	d-none	5	3	-	0,1,4,5,8,10,13,19,20
1584360	26	1576170	d-none	5	2	-	3,5,6,7,10,11,13,19,20
1592552	26	1576184	d-none	5	1	-	3,5,6,7,10,11,14,19,20
1601708	26	400082	d-none	6	4	-	2,3,5,7,12,13,14,19,20
1608936	26	1576680	d-none	5	1	-	3,5,6,7,10,11,15,19,20
1641704	26	1576184	d-none	5	1	-	3,5,6,7,10,11,16,19,20
1659926	26	444998	d-none	5	2	-	1,2,4,10,12,14,16,19,20
1673765	26	434715	d-none	6	4	-	0,2,5,9,11,15,16,19,20
1679473	26	325643	d-none	6	4	-	0,4,5,6,13,15,16,19,20
1706780	26	405320	d-none	5	3	-	2,3,4,8,9,11,17,19,20
1707240	26	1576170	d-none	5	2	-	3,5,6,7,10,11,17,19,20
1840017	26	664231	d-none	6	5	-	0,4,7,8,9,12,18,19,20
1868641	26	415783	d-none	5	3	-	0,5,6,8,9,15,18,19,20
1876054	26	386124	d-none	6	4	-	1,2,4,6,13,15,18,19,20
1901158	26	664042	d-none	6	5	-	1,2,5,6,9,16,18,19,20
1942208	26	323922	d-none	6	3	-	6,7,9,13,15,16,18,19,20
2032080	26	374560	d-none	6	4	-	4,6,7,8,16,17,18,19,20
2137644	26	587828	d-none	5	3	-	2,3,5,9,10,11,12,15,21
2158152	26	751776	d-none	6	4	-	3,6,9,10,11,13,14,15,21
2184250	26	705082	d-none	6	3	-	1,3,4,5,10,12,14,16,21
2355272	26	662614	d-none	6	3	-	3,6,12,13,14,15,16,17,21
2418896	26	351756	d-none	6	4	-	4,6,7,11,13,14,15,18,21
2451973	26	415783	d-none	5	3	-	0,2,9,11,13,14,16,18,21
2633568	26	386124	d-none	6	4	-	5,6,8,9,10,11,13,19,21
2689338	26	969284	d-none	5	3	-	1,3,4,5,8,11,16,19,21
2772304	26	299834	d-none	5	4	-	4,6,8,10,11,14,17,19,21
2902820	26	641816	d-none	5	2	-	2,5,8,9,11,14,18,19,21
2969712	26	496780	d-none	6	5	-	4,5,6,12,14,16,18,19,21
3153189	26	338401	d-none	5	4	-	0,2,5,8,10,11,12,20,21
3182404	26	1090932	d-none	6	4	-	2,6,8,9,10,11,15,20,21
3211726	26	280766	d-none	6	5	-	1,2,3,6,7,8,16,20,21
3216910	26	1131384	d-none	6	4	-	1,2,3,9,10,12,16,20,21
3230772	26	340212	d-none	5	3	-	2,4,5,10,11,14,16,20,21
3285398	26	284266	d-none	5	2	-	1,2,4,7,8,13,17,20,21
3711816	26	284266	d-none	5	2	-	3,6,8,9,13,15,19,20,21
3842098	26	512560	d-none	6	5	-	1,4,5,13,15,17,19,20,21
4791588	26	346578	d-none	6	4	-	2,5,8,10,11,12,16,19,22
4852145	13	4852145	d-none	5	4	-	0,4,5,7,8,11,17,19,22
4852146	26	4852146	d-none	5	1	-	1,4,5,7,8,11,17,19,22
4852152	26	4852152	d-none	5	2	-	3,4,5,7,8,11,17,19,22
4852656	26	4852146	d-none	5	1	-	4,5,7,8,9,11,17,19,22
4853168	26	4852146	d-none	5	1	-	4,5,7,8,10,11,17,19,22
4856240	26	4852152	d-none	5	2	-	4,5,7,8,11,12,17,19,22
4860336	26	4852152	d-none	5	2	-	4,5,7,8,11,13,17,19,22
4868528	26	4868528	d-none	5	1	-	4,5,7,8,11,14,17,19,22
4884912	26	4868528	d-none	5	1	-	4,5,7,8,11,15,17,19,22
4917680	26	4868528	d-none	5	1	-	4,5,7,8,11,16,17,19,22
5449240	26	299834	d-none	5	4	-	3,4,9,10,13,16,17,20,22
